--
-- PostgreSQL database dump
--

-- Dumped from database version 13.3
-- Dumped by pg_dump version 13.3

-- Started on 2021-09-04 20:32:23

SET statement_timeout = 0;
SET lock_timeout = 0;
SET idle_in_transaction_session_timeout = 0;
SET client_encoding = 'UTF8';
SET standard_conforming_strings = on;
SELECT pg_catalog.set_config('search_path', '', false);
SET check_function_bodies = false;
SET xmloption = content;
SET client_min_messages = warning;
SET row_security = off;

SET default_tablespace = '';

SET default_table_access_method = heap;

--
-- TOC entry 210 (class 1259 OID 49729)
-- Name: pizza_sauce_links; Type: TABLE; Schema: public; Owner: postgres
--

CREATE TABLE public.pizza_sauce_links (
    pizza_id bigint NOT NULL,
    sauce_id bigint NOT NULL
);


ALTER TABLE public.pizza_sauce_links OWNER TO postgres;

--
-- TOC entry 212 (class 1259 OID 49736)
-- Name: pizza_store_beverage; Type: TABLE; Schema: public; Owner: postgres
--

CREATE TABLE public.pizza_store_beverage (
    id bigint NOT NULL,
    create_at timestamp without time zone NOT NULL,
    created_by character varying(255),
    update_at timestamp without time zone NOT NULL,
    updated_by character varying(255),
    version integer NOT NULL,
    code character varying(255),
    description character varying(255),
    name character varying(255),
    price bigint,
    status integer,
    type integer,
    drink_type integer,
    sugar_percent integer
);


ALTER TABLE public.pizza_store_beverage OWNER TO postgres;

--
-- TOC entry 211 (class 1259 OID 49734)
-- Name: pizza_store_beverage_id_seq; Type: SEQUENCE; Schema: public; Owner: postgres
--

ALTER TABLE public.pizza_store_beverage ALTER COLUMN id ADD GENERATED BY DEFAULT AS IDENTITY (
    SEQUENCE NAME public.pizza_store_beverage_id_seq
    START WITH 1
    INCREMENT BY 1
    NO MINVALUE
    NO MAXVALUE
    CACHE 1
);


--
-- TOC entry 214 (class 1259 OID 49746)
-- Name: pizza_store_order; Type: TABLE; Schema: public; Owner: postgres
--

CREATE TABLE public.pizza_store_order (
    id bigint NOT NULL,
    create_at timestamp without time zone NOT NULL,
    created_by character varying(255),
    update_at timestamp without time zone NOT NULL,
    updated_by character varying(255),
    version integer NOT NULL,
    bill_number integer,
    total_payment bigint
);


ALTER TABLE public.pizza_store_order OWNER TO postgres;

--
-- TOC entry 216 (class 1259 OID 49756)
-- Name: pizza_store_order_detail; Type: TABLE; Schema: public; Owner: postgres
--

CREATE TABLE public.pizza_store_order_detail (
    id bigint NOT NULL,
    create_at timestamp without time zone NOT NULL,
    created_by character varying(255),
    update_at timestamp without time zone NOT NULL,
    updated_by character varying(255),
    version integer NOT NULL,
    quantity integer NOT NULL,
    beverage_id bigint,
    order_id bigint NOT NULL,
    pizza_id bigint
);


ALTER TABLE public.pizza_store_order_detail OWNER TO postgres;

--
-- TOC entry 215 (class 1259 OID 49754)
-- Name: pizza_store_order_detail_id_seq; Type: SEQUENCE; Schema: public; Owner: postgres
--

ALTER TABLE public.pizza_store_order_detail ALTER COLUMN id ADD GENERATED BY DEFAULT AS IDENTITY (
    SEQUENCE NAME public.pizza_store_order_detail_id_seq
    START WITH 1
    INCREMENT BY 1
    NO MINVALUE
    NO MAXVALUE
    CACHE 1
);


--
-- TOC entry 213 (class 1259 OID 49744)
-- Name: pizza_store_order_id_seq; Type: SEQUENCE; Schema: public; Owner: postgres
--

ALTER TABLE public.pizza_store_order ALTER COLUMN id ADD GENERATED BY DEFAULT AS IDENTITY (
    SEQUENCE NAME public.pizza_store_order_id_seq
    START WITH 1
    INCREMENT BY 1
    NO MINVALUE
    NO MAXVALUE
    CACHE 1
);


--
-- TOC entry 218 (class 1259 OID 49766)
-- Name: pizza_store_pizza; Type: TABLE; Schema: public; Owner: postgres
--

CREATE TABLE public.pizza_store_pizza (
    id bigint NOT NULL,
    create_at timestamp without time zone NOT NULL,
    created_by character varying(255),
    update_at timestamp without time zone NOT NULL,
    updated_by character varying(255),
    version integer NOT NULL,
    code character varying(255),
    description character varying(255),
    name character varying(255),
    price bigint,
    status integer,
    type integer,
    dough integer
);


ALTER TABLE public.pizza_store_pizza OWNER TO postgres;

--
-- TOC entry 217 (class 1259 OID 49764)
-- Name: pizza_store_pizza_id_seq; Type: SEQUENCE; Schema: public; Owner: postgres
--

ALTER TABLE public.pizza_store_pizza ALTER COLUMN id ADD GENERATED BY DEFAULT AS IDENTITY (
    SEQUENCE NAME public.pizza_store_pizza_id_seq
    START WITH 1
    INCREMENT BY 1
    NO MINVALUE
    NO MAXVALUE
    CACHE 1
);


--
-- TOC entry 220 (class 1259 OID 49776)
-- Name: pizza_store_pizza_sauce; Type: TABLE; Schema: public; Owner: postgres
--

CREATE TABLE public.pizza_store_pizza_sauce (
    id bigint NOT NULL,
    create_at timestamp without time zone NOT NULL,
    created_by character varying(255),
    update_at timestamp without time zone NOT NULL,
    updated_by character varying(255),
    version integer NOT NULL,
    name character varying(255)
);


ALTER TABLE public.pizza_store_pizza_sauce OWNER TO postgres;

--
-- TOC entry 219 (class 1259 OID 49774)
-- Name: pizza_store_pizza_sauce_id_seq; Type: SEQUENCE; Schema: public; Owner: postgres
--

ALTER TABLE public.pizza_store_pizza_sauce ALTER COLUMN id ADD GENERATED BY DEFAULT AS IDENTITY (
    SEQUENCE NAME public.pizza_store_pizza_sauce_id_seq
    START WITH 1
    INCREMENT BY 1
    NO MINVALUE
    NO MAXVALUE
    CACHE 1
);


--
-- TOC entry 222 (class 1259 OID 49786)
-- Name: pizza_store_pizza_topping; Type: TABLE; Schema: public; Owner: postgres
--

CREATE TABLE public.pizza_store_pizza_topping (
    id bigint NOT NULL,
    create_at timestamp without time zone NOT NULL,
    created_by character varying(255),
    update_at timestamp without time zone NOT NULL,
    updated_by character varying(255),
    version integer NOT NULL,
    name character varying(255)
);


ALTER TABLE public.pizza_store_pizza_topping OWNER TO postgres;

--
-- TOC entry 221 (class 1259 OID 49784)
-- Name: pizza_store_pizza_topping_id_seq; Type: SEQUENCE; Schema: public; Owner: postgres
--

ALTER TABLE public.pizza_store_pizza_topping ALTER COLUMN id ADD GENERATED BY DEFAULT AS IDENTITY (
    SEQUENCE NAME public.pizza_store_pizza_topping_id_seq
    START WITH 1
    INCREMENT BY 1
    NO MINVALUE
    NO MAXVALUE
    CACHE 1
);


--
-- TOC entry 227 (class 1259 OID 66115)
-- Name: pizza_store_raw_material; Type: TABLE; Schema: public; Owner: postgres
--

CREATE TABLE public.pizza_store_raw_material (
    id bigint NOT NULL,
    create_at timestamp without time zone NOT NULL,
    created_by character varying(255),
    update_at timestamp without time zone NOT NULL,
    updated_by character varying(255),
    version integer NOT NULL,
    expiration_date timestamp without time zone,
    import_date timestamp without time zone,
    name character varying(255),
    price real,
    quantity integer,
    status integer,
    unit character varying(255),
    supplier_id bigint
);


ALTER TABLE public.pizza_store_raw_material OWNER TO postgres;

--
-- TOC entry 226 (class 1259 OID 66113)
-- Name: pizza_store_raw_material_id_seq; Type: SEQUENCE; Schema: public; Owner: postgres
--

ALTER TABLE public.pizza_store_raw_material ALTER COLUMN id ADD GENERATED BY DEFAULT AS IDENTITY (
    SEQUENCE NAME public.pizza_store_raw_material_id_seq
    START WITH 1
    INCREMENT BY 1
    NO MINVALUE
    NO MAXVALUE
    CACHE 1
);


--
-- TOC entry 201 (class 1259 OID 41742)
-- Name: pizza_store_role; Type: TABLE; Schema: public; Owner: postgres
--

CREATE TABLE public.pizza_store_role (
    id bigint NOT NULL,
    create_at timestamp without time zone NOT NULL,
    created_by character varying(255),
    update_at timestamp without time zone NOT NULL,
    updated_by character varying(255),
    version integer NOT NULL,
    description character varying(255),
    rolename character varying(50)
);


ALTER TABLE public.pizza_store_role OWNER TO postgres;

--
-- TOC entry 203 (class 1259 OID 41752)
-- Name: pizza_store_role_group; Type: TABLE; Schema: public; Owner: postgres
--

CREATE TABLE public.pizza_store_role_group (
    id bigint NOT NULL,
    create_at timestamp without time zone NOT NULL,
    created_by character varying(255),
    update_at timestamp without time zone NOT NULL,
    updated_by character varying(255),
    version integer NOT NULL,
    description character varying(255),
    role_group_name character varying(50)
);


ALTER TABLE public.pizza_store_role_group OWNER TO postgres;

--
-- TOC entry 202 (class 1259 OID 41750)
-- Name: pizza_store_role_group_id_seq; Type: SEQUENCE; Schema: public; Owner: postgres
--

ALTER TABLE public.pizza_store_role_group ALTER COLUMN id ADD GENERATED BY DEFAULT AS IDENTITY (
    SEQUENCE NAME public.pizza_store_role_group_id_seq
    START WITH 1
    INCREMENT BY 1
    NO MINVALUE
    NO MAXVALUE
    CACHE 1
);


--
-- TOC entry 200 (class 1259 OID 41740)
-- Name: pizza_store_role_id_seq; Type: SEQUENCE; Schema: public; Owner: postgres
--

ALTER TABLE public.pizza_store_role ALTER COLUMN id ADD GENERATED BY DEFAULT AS IDENTITY (
    SEQUENCE NAME public.pizza_store_role_id_seq
    START WITH 1
    INCREMENT BY 1
    NO MINVALUE
    NO MAXVALUE
    CACHE 1
);


--
-- TOC entry 204 (class 1259 OID 41760)
-- Name: pizza_store_rolegroup_role_links; Type: TABLE; Schema: public; Owner: postgres
--

CREATE TABLE public.pizza_store_rolegroup_role_links (
    group_id bigint NOT NULL,
    role_id bigint NOT NULL
);


ALTER TABLE public.pizza_store_rolegroup_role_links OWNER TO postgres;

--
-- TOC entry 206 (class 1259 OID 41767)
-- Name: pizza_store_supplier; Type: TABLE; Schema: public; Owner: postgres
--

CREATE TABLE public.pizza_store_supplier (
    id bigint NOT NULL,
    create_at timestamp without time zone NOT NULL,
    created_by character varying(255),
    update_at timestamp without time zone NOT NULL,
    updated_by character varying(255),
    version integer NOT NULL,
    address character varying(255),
    email character varying(255),
    name character varying(255),
    phone character varying(255)
);


ALTER TABLE public.pizza_store_supplier OWNER TO postgres;

--
-- TOC entry 205 (class 1259 OID 41765)
-- Name: pizza_store_supplier_id_seq; Type: SEQUENCE; Schema: public; Owner: postgres
--

ALTER TABLE public.pizza_store_supplier ALTER COLUMN id ADD GENERATED BY DEFAULT AS IDENTITY (
    SEQUENCE NAME public.pizza_store_supplier_id_seq
    START WITH 1
    INCREMENT BY 1
    NO MINVALUE
    NO MAXVALUE
    CACHE 1
);


--
-- TOC entry 208 (class 1259 OID 41777)
-- Name: pizza_store_user; Type: TABLE; Schema: public; Owner: postgres
--

CREATE TABLE public.pizza_store_user (
    id bigint NOT NULL,
    create_at timestamp without time zone NOT NULL,
    created_by character varying(255),
    update_at timestamp without time zone NOT NULL,
    updated_by character varying(255),
    version integer NOT NULL,
    avatar character varying(255),
    department character varying(255),
    displayname character varying(255),
    email character varying(255),
    facebook_url character varying(255),
    fullname character varying(255),
    hobbies character varying(255),
    job character varying(255),
    password character varying(255),
    status character varying(255) NOT NULL,
    username character varying(50),
    role_id bigint
);


ALTER TABLE public.pizza_store_user OWNER TO postgres;

--
-- TOC entry 207 (class 1259 OID 41775)
-- Name: pizza_store_user_id_seq; Type: SEQUENCE; Schema: public; Owner: postgres
--

ALTER TABLE public.pizza_store_user ALTER COLUMN id ADD GENERATED BY DEFAULT AS IDENTITY (
    SEQUENCE NAME public.pizza_store_user_id_seq
    START WITH 1
    INCREMENT BY 1
    NO MINVALUE
    NO MAXVALUE
    CACHE 1
);


--
-- TOC entry 209 (class 1259 OID 41785)
-- Name: pizza_store_user_rolegroup_links; Type: TABLE; Schema: public; Owner: postgres
--

CREATE TABLE public.pizza_store_user_rolegroup_links (
    role_group_id bigint NOT NULL,
    user_id bigint NOT NULL
);


ALTER TABLE public.pizza_store_user_rolegroup_links OWNER TO postgres;

--
-- TOC entry 223 (class 1259 OID 49804)
-- Name: pizza_topping_links; Type: TABLE; Schema: public; Owner: postgres
--

CREATE TABLE public.pizza_topping_links (
    pizza_id bigint NOT NULL,
    topping_id bigint NOT NULL
);


ALTER TABLE public.pizza_topping_links OWNER TO postgres;

--
-- TOC entry 224 (class 1259 OID 49809)
-- Name: raw_material_beverage_rescipes_links; Type: TABLE; Schema: public; Owner: postgres
--

CREATE TABLE public.raw_material_beverage_rescipes_links (
    beverage_id bigint NOT NULL,
    recipes_id bigint NOT NULL
);


ALTER TABLE public.raw_material_beverage_rescipes_links OWNER TO postgres;

--
-- TOC entry 225 (class 1259 OID 49814)
-- Name: raw_material_pizza_rescipes_links; Type: TABLE; Schema: public; Owner: postgres
--

CREATE TABLE public.raw_material_pizza_rescipes_links (
    pizza_id bigint NOT NULL,
    recipes_id bigint NOT NULL
);


ALTER TABLE public.raw_material_pizza_rescipes_links OWNER TO postgres;

--
-- TOC entry 3152 (class 0 OID 49729)
-- Dependencies: 210
-- Data for Name: pizza_sauce_links; Type: TABLE DATA; Schema: public; Owner: postgres
--

COPY public.pizza_sauce_links (pizza_id, sauce_id) FROM stdin;
\.


--
-- TOC entry 3154 (class 0 OID 49736)
-- Dependencies: 212
-- Data for Name: pizza_store_beverage; Type: TABLE DATA; Schema: public; Owner: postgres
--

COPY public.pizza_store_beverage (id, create_at, created_by, update_at, updated_by, version, code, description, name, price, status, type, drink_type, sugar_percent) FROM stdin;
1	2021-08-31 10:00:00	anonymousUser	2021-08-31 10:00:00	anonymousUser	1	021	\N	pepsi	17000	\N	\N	\N	\N
2	2021-08-31 10:00:00	anonymousUser	2021-08-31 10:00:00	anonymousUser	1	022	\N	7up	17000	\N	\N	\N	\N
3	2021-08-31 10:00:00	anonymousUser	2021-08-31 10:00:00	anonymousUser	1	023	\N	soda kem	17000	\N	\N	\N	\N
4	2021-08-31 10:00:00	anonymousUser	2021-08-31 10:00:00	anonymousUser	1	024	\N	orange juice	20000	\N	\N	\N	\N
\.


--
-- TOC entry 3156 (class 0 OID 49746)
-- Dependencies: 214
-- Data for Name: pizza_store_order; Type: TABLE DATA; Schema: public; Owner: postgres
--

COPY public.pizza_store_order (id, create_at, created_by, update_at, updated_by, version, bill_number, total_payment) FROM stdin;
1	2021-09-01 09:28:55	anonymousUser	2021-09-01 09:28:55	anonymousUser	1	1	\N
2	2021-09-01 10:06:10	anonymousUser	2021-09-01 10:06:10	anonymousUser	1	2	\N
3	2021-09-02 14:17:06	anonymousUser	2021-09-02 14:17:06	anonymousUser	1	3	\N
4	2021-09-02 17:17:07	anonymousUser	2021-09-02 17:17:07	anonymousUser	1	4	\N
5	2021-09-02 20:37:34	anonymousUser	2021-09-02 20:37:34	anonymousUser	1	5	\N
\.


--
-- TOC entry 3158 (class 0 OID 49756)
-- Dependencies: 216
-- Data for Name: pizza_store_order_detail; Type: TABLE DATA; Schema: public; Owner: postgres
--

COPY public.pizza_store_order_detail (id, create_at, created_by, update_at, updated_by, version, quantity, beverage_id, order_id, pizza_id) FROM stdin;
7	2021-09-01 09:28:55	anonymousUser	2021-09-01 09:28:55	anonymousUser	1	1	\N	1	1
8	2021-09-01 09:28:55	anonymousUser	2021-09-01 09:28:55	anonymousUser	1	2	2	1	\N
9	2021-09-01 10:06:10	anonymousUser	2021-09-01 10:06:10	anonymousUser	1	2	\N	2	3
10	2021-09-01 10:06:10	anonymousUser	2021-09-01 10:06:10	anonymousUser	1	3	3	2	\N
11	2021-09-02 14:17:06	anonymousUser	2021-09-02 14:17:06	anonymousUser	1	2	\N	3	4
12	2021-09-02 14:17:06	anonymousUser	2021-09-02 14:17:06	anonymousUser	1	2	2	3	\N
13	2021-09-02 14:17:06	anonymousUser	2021-09-02 14:17:06	anonymousUser	1	1	4	3	\N
14	2021-09-02 17:17:07	anonymousUser	2021-09-02 17:17:07	anonymousUser	1	2	\N	4	2
15	2021-09-02 17:17:07	anonymousUser	2021-09-02 17:17:07	anonymousUser	1	1	1	4	\N
16	2021-09-02 17:17:07	anonymousUser	2021-09-02 17:17:07	anonymousUser	1	1	4	4	\N
17	2021-09-02 20:37:34	anonymousUser	2021-09-02 20:37:34	anonymousUser	1	1	\N	5	1
18	2021-09-02 20:37:34	anonymousUser	2021-09-02 20:37:34	anonymousUser	1	1	3	5	\N
\.


--
-- TOC entry 3160 (class 0 OID 49766)
-- Dependencies: 218
-- Data for Name: pizza_store_pizza; Type: TABLE DATA; Schema: public; Owner: postgres
--

COPY public.pizza_store_pizza (id, create_at, created_by, update_at, updated_by, version, code, description, name, price, status, type, dough) FROM stdin;
1	2021-08-31 10:00:00	anonymousUser	2021-08-31 10:00:00	anonymousUser	1	011	\N	beef pizza	176000	\N	\N	\N
2	2021-08-31 10:00:00	anonymousUser	2021-08-31 10:00:00	anonymousUser	1	012	\N	seafood pizza	159000	\N	\N	\N
3	2021-08-31 10:00:00	anonymousUser	2021-08-31 10:00:00	anonymousUser	1	013	\N	Mixed pizza	249000	\N	\N	\N
4	2021-08-31 10:00:00	anonymousUser	2021-08-31 10:00:00	anonymousUser	1	014	\N	chicken pizza	159000	\N	\N	\N
5	2021-08-31 10:00:00	anonymousUser	2021-08-31 10:00:00	anonymousUser	1	015	\N	sausage cheese pizza	115000	\N	\N	\N
\.


--
-- TOC entry 3162 (class 0 OID 49776)
-- Dependencies: 220
-- Data for Name: pizza_store_pizza_sauce; Type: TABLE DATA; Schema: public; Owner: postgres
--

COPY public.pizza_store_pizza_sauce (id, create_at, created_by, update_at, updated_by, version, name) FROM stdin;
1	2021-09-01 09:00:00	anonymousUser	2021-09-01 09:00:00	anonymousUser	1	chili
2	2021-09-01 09:00:00	anonymousUser	2021-09-01 09:00:00	anonymousUser	1	tomato
\.


--
-- TOC entry 3164 (class 0 OID 49786)
-- Dependencies: 222
-- Data for Name: pizza_store_pizza_topping; Type: TABLE DATA; Schema: public; Owner: postgres
--

COPY public.pizza_store_pizza_topping (id, create_at, created_by, update_at, updated_by, version, name) FROM stdin;
2	2021-09-01 09:00:00	"anonymousUser"	2021-09-01 09:00:00	"anonymousUser"	1	mushroom
1	2021-09-01 09:00:00	"anonymousUser"	2021-09-01 09:00:00	"anonymousUser"	1	cheese
\.


--
-- TOC entry 3169 (class 0 OID 66115)
-- Dependencies: 227
-- Data for Name: pizza_store_raw_material; Type: TABLE DATA; Schema: public; Owner: postgres
--

COPY public.pizza_store_raw_material (id, create_at, created_by, update_at, updated_by, version, expiration_date, import_date, name, price, quantity, status, unit, supplier_id) FROM stdin;
1	2021-08-30 10:25:19	anonymousUser	2021-08-30 10:25:19	anonymousUser	1	2022-02-01 09:00:00	2021-08-01 09:00:00	pepsi	3.6e+06	240	\N	lon	1
2	2021-08-30 10:25:19	anonymousUser	2021-08-30 10:25:19	anonymousUser	1	2022-02-01 09:00:00	2021-08-01 09:00:00	7up	3.6e+06	240	\N	lon	1
3	2021-08-30 10:25:19	anonymousUser	2021-08-30 10:25:19	anonymousUser	1	2022-02-01 09:00:00	2021-08-01 09:00:00	soda kem	3.6e+06	240	\N	lon	6
4	2021-08-30 10:25:19	anonymousUser	2021-08-30 10:25:19	anonymousUser	1	2022-02-01 09:00:00	2021-08-01 09:00:00	orange juice	3.6e+06	240	\N	chai	2
5	2021-08-30 10:25:19	anonymousUser	2021-08-30 10:25:19	anonymousUser	1	2022-02-01 09:00:00	2021-08-01 09:00:00	flour	5.4e+06	100	\N	kg	3
6	2021-08-30 10:25:19	anonymousUser	2021-08-30 10:25:19	anonymousUser	1	2022-02-01 09:00:00	2021-08-01 09:00:00	olive oil	8.1e+06	100	\N	lit	4
\.


--
-- TOC entry 3143 (class 0 OID 41742)
-- Dependencies: 201
-- Data for Name: pizza_store_role; Type: TABLE DATA; Schema: public; Owner: postgres
--

COPY public.pizza_store_role (id, create_at, created_by, update_at, updated_by, version, description, rolename) FROM stdin;
\.


--
-- TOC entry 3145 (class 0 OID 41752)
-- Dependencies: 203
-- Data for Name: pizza_store_role_group; Type: TABLE DATA; Schema: public; Owner: postgres
--

COPY public.pizza_store_role_group (id, create_at, created_by, update_at, updated_by, version, description, role_group_name) FROM stdin;
\.


--
-- TOC entry 3146 (class 0 OID 41760)
-- Dependencies: 204
-- Data for Name: pizza_store_rolegroup_role_links; Type: TABLE DATA; Schema: public; Owner: postgres
--

COPY public.pizza_store_rolegroup_role_links (group_id, role_id) FROM stdin;
\.


--
-- TOC entry 3148 (class 0 OID 41767)
-- Dependencies: 206
-- Data for Name: pizza_store_supplier; Type: TABLE DATA; Schema: public; Owner: postgres
--

COPY public.pizza_store_supplier (id, create_at, created_by, update_at, updated_by, version, address, email, name, phone) FROM stdin;
1	2021-08-30 10:25:19	anonymousUser	2021-08-30 10:25:19	anonymousUser	1	TP.HCM	pesico@gmail.vn	pesico	0908786564
2	2021-08-30 10:25:19	anonymousUser	2021-08-30 10:25:19	anonymousUser	1	TP.HCM	switter@gmail.vn	switter	0864975321
3	2021-08-30 10:25:19	anonymousUser	2021-08-30 10:25:19	anonymousUser	1	TP.HCM	taiky@gmail.vn	tai ky	0998876556
4	2021-08-30 10:25:19	anonymousUser	2021-08-30 10:25:19	anonymousUser	1	TP.HCM	tuongan@gmail.vn	tuong an	0912873456
5	2021-08-30 10:25:19	anonymousUser	2021-08-30 10:25:19	anonymousUser	1	TP.HCM	cholimex@gmail.vn	cholimex	0814947283
6	2021-08-30 10:25:19	anonymousUser	2021-08-30 10:25:19	anonymousUser	1	TH.HCM	mirinda@gmail.vn	mirinda	0832764935
\.


--
-- TOC entry 3150 (class 0 OID 41777)
-- Dependencies: 208
-- Data for Name: pizza_store_user; Type: TABLE DATA; Schema: public; Owner: postgres
--

COPY public.pizza_store_user (id, create_at, created_by, update_at, updated_by, version, avatar, department, displayname, email, facebook_url, fullname, hobbies, job, password, status, username, role_id) FROM stdin;
\.


--
-- TOC entry 3151 (class 0 OID 41785)
-- Dependencies: 209
-- Data for Name: pizza_store_user_rolegroup_links; Type: TABLE DATA; Schema: public; Owner: postgres
--

COPY public.pizza_store_user_rolegroup_links (role_group_id, user_id) FROM stdin;
\.


--
-- TOC entry 3165 (class 0 OID 49804)
-- Dependencies: 223
-- Data for Name: pizza_topping_links; Type: TABLE DATA; Schema: public; Owner: postgres
--

COPY public.pizza_topping_links (pizza_id, topping_id) FROM stdin;
\.


--
-- TOC entry 3166 (class 0 OID 49809)
-- Dependencies: 224
-- Data for Name: raw_material_beverage_rescipes_links; Type: TABLE DATA; Schema: public; Owner: postgres
--

COPY public.raw_material_beverage_rescipes_links (beverage_id, recipes_id) FROM stdin;
\.


--
-- TOC entry 3167 (class 0 OID 49814)
-- Dependencies: 225
-- Data for Name: raw_material_pizza_rescipes_links; Type: TABLE DATA; Schema: public; Owner: postgres
--

COPY public.raw_material_pizza_rescipes_links (pizza_id, recipes_id) FROM stdin;
\.


--
-- TOC entry 3175 (class 0 OID 0)
-- Dependencies: 211
-- Name: pizza_store_beverage_id_seq; Type: SEQUENCE SET; Schema: public; Owner: postgres
--

SELECT pg_catalog.setval('public.pizza_store_beverage_id_seq', 13, true);


--
-- TOC entry 3176 (class 0 OID 0)
-- Dependencies: 215
-- Name: pizza_store_order_detail_id_seq; Type: SEQUENCE SET; Schema: public; Owner: postgres
--

SELECT pg_catalog.setval('public.pizza_store_order_detail_id_seq', 18, true);


--
-- TOC entry 3177 (class 0 OID 0)
-- Dependencies: 213
-- Name: pizza_store_order_id_seq; Type: SEQUENCE SET; Schema: public; Owner: postgres
--

SELECT pg_catalog.setval('public.pizza_store_order_id_seq', 6, true);


--
-- TOC entry 3178 (class 0 OID 0)
-- Dependencies: 217
-- Name: pizza_store_pizza_id_seq; Type: SEQUENCE SET; Schema: public; Owner: postgres
--

SELECT pg_catalog.setval('public.pizza_store_pizza_id_seq', 5, true);


--
-- TOC entry 3179 (class 0 OID 0)
-- Dependencies: 219
-- Name: pizza_store_pizza_sauce_id_seq; Type: SEQUENCE SET; Schema: public; Owner: postgres
--

SELECT pg_catalog.setval('public.pizza_store_pizza_sauce_id_seq', 3, true);


--
-- TOC entry 3180 (class 0 OID 0)
-- Dependencies: 221
-- Name: pizza_store_pizza_topping_id_seq; Type: SEQUENCE SET; Schema: public; Owner: postgres
--

SELECT pg_catalog.setval('public.pizza_store_pizza_topping_id_seq', 2, true);


--
-- TOC entry 3181 (class 0 OID 0)
-- Dependencies: 226
-- Name: pizza_store_raw_material_id_seq; Type: SEQUENCE SET; Schema: public; Owner: postgres
--

SELECT pg_catalog.setval('public.pizza_store_raw_material_id_seq', 6, true);


--
-- TOC entry 3182 (class 0 OID 0)
-- Dependencies: 202
-- Name: pizza_store_role_group_id_seq; Type: SEQUENCE SET; Schema: public; Owner: postgres
--

SELECT pg_catalog.setval('public.pizza_store_role_group_id_seq', 1, false);


--
-- TOC entry 3183 (class 0 OID 0)
-- Dependencies: 200
-- Name: pizza_store_role_id_seq; Type: SEQUENCE SET; Schema: public; Owner: postgres
--

SELECT pg_catalog.setval('public.pizza_store_role_id_seq', 1, false);


--
-- TOC entry 3184 (class 0 OID 0)
-- Dependencies: 205
-- Name: pizza_store_supplier_id_seq; Type: SEQUENCE SET; Schema: public; Owner: postgres
--

SELECT pg_catalog.setval('public.pizza_store_supplier_id_seq', 12, true);


--
-- TOC entry 3185 (class 0 OID 0)
-- Dependencies: 207
-- Name: pizza_store_user_id_seq; Type: SEQUENCE SET; Schema: public; Owner: postgres
--

SELECT pg_catalog.setval('public.pizza_store_user_id_seq', 1, false);


--
-- TOC entry 2964 (class 2606 OID 49733)
-- Name: pizza_sauce_links pizza_sauce_links_pkey; Type: CONSTRAINT; Schema: public; Owner: postgres
--

ALTER TABLE ONLY public.pizza_sauce_links
    ADD CONSTRAINT pizza_sauce_links_pkey PRIMARY KEY (pizza_id, sauce_id);


--
-- TOC entry 2966 (class 2606 OID 49743)
-- Name: pizza_store_beverage pizza_store_beverage_pkey; Type: CONSTRAINT; Schema: public; Owner: postgres
--

ALTER TABLE ONLY public.pizza_store_beverage
    ADD CONSTRAINT pizza_store_beverage_pkey PRIMARY KEY (id);


--
-- TOC entry 2974 (class 2606 OID 49763)
-- Name: pizza_store_order_detail pizza_store_order_detail_pkey; Type: CONSTRAINT; Schema: public; Owner: postgres
--

ALTER TABLE ONLY public.pizza_store_order_detail
    ADD CONSTRAINT pizza_store_order_detail_pkey PRIMARY KEY (id);


--
-- TOC entry 2972 (class 2606 OID 49753)
-- Name: pizza_store_order pizza_store_order_pkey; Type: CONSTRAINT; Schema: public; Owner: postgres
--

ALTER TABLE ONLY public.pizza_store_order
    ADD CONSTRAINT pizza_store_order_pkey PRIMARY KEY (id);


--
-- TOC entry 2976 (class 2606 OID 49773)
-- Name: pizza_store_pizza pizza_store_pizza_pkey; Type: CONSTRAINT; Schema: public; Owner: postgres
--

ALTER TABLE ONLY public.pizza_store_pizza
    ADD CONSTRAINT pizza_store_pizza_pkey PRIMARY KEY (id);


--
-- TOC entry 2982 (class 2606 OID 49783)
-- Name: pizza_store_pizza_sauce pizza_store_pizza_sauce_pkey; Type: CONSTRAINT; Schema: public; Owner: postgres
--

ALTER TABLE ONLY public.pizza_store_pizza_sauce
    ADD CONSTRAINT pizza_store_pizza_sauce_pkey PRIMARY KEY (id);


--
-- TOC entry 2984 (class 2606 OID 49793)
-- Name: pizza_store_pizza_topping pizza_store_pizza_topping_pkey; Type: CONSTRAINT; Schema: public; Owner: postgres
--

ALTER TABLE ONLY public.pizza_store_pizza_topping
    ADD CONSTRAINT pizza_store_pizza_topping_pkey PRIMARY KEY (id);


--
-- TOC entry 2992 (class 2606 OID 66122)
-- Name: pizza_store_raw_material pizza_store_raw_material_pkey; Type: CONSTRAINT; Schema: public; Owner: postgres
--

ALTER TABLE ONLY public.pizza_store_raw_material
    ADD CONSTRAINT pizza_store_raw_material_pkey PRIMARY KEY (id);


--
-- TOC entry 2950 (class 2606 OID 41759)
-- Name: pizza_store_role_group pizza_store_role_group_pkey; Type: CONSTRAINT; Schema: public; Owner: postgres
--

ALTER TABLE ONLY public.pizza_store_role_group
    ADD CONSTRAINT pizza_store_role_group_pkey PRIMARY KEY (id);


--
-- TOC entry 2946 (class 2606 OID 41749)
-- Name: pizza_store_role pizza_store_role_pkey; Type: CONSTRAINT; Schema: public; Owner: postgres
--

ALTER TABLE ONLY public.pizza_store_role
    ADD CONSTRAINT pizza_store_role_pkey PRIMARY KEY (id);


--
-- TOC entry 2954 (class 2606 OID 41764)
-- Name: pizza_store_rolegroup_role_links pizza_store_rolegroup_role_links_pkey; Type: CONSTRAINT; Schema: public; Owner: postgres
--

ALTER TABLE ONLY public.pizza_store_rolegroup_role_links
    ADD CONSTRAINT pizza_store_rolegroup_role_links_pkey PRIMARY KEY (group_id, role_id);


--
-- TOC entry 2956 (class 2606 OID 41774)
-- Name: pizza_store_supplier pizza_store_supplier_pkey; Type: CONSTRAINT; Schema: public; Owner: postgres
--

ALTER TABLE ONLY public.pizza_store_supplier
    ADD CONSTRAINT pizza_store_supplier_pkey PRIMARY KEY (id);


--
-- TOC entry 2958 (class 2606 OID 41784)
-- Name: pizza_store_user pizza_store_user_pkey; Type: CONSTRAINT; Schema: public; Owner: postgres
--

ALTER TABLE ONLY public.pizza_store_user
    ADD CONSTRAINT pizza_store_user_pkey PRIMARY KEY (id);


--
-- TOC entry 2962 (class 2606 OID 41789)
-- Name: pizza_store_user_rolegroup_links pizza_store_user_rolegroup_links_pkey; Type: CONSTRAINT; Schema: public; Owner: postgres
--

ALTER TABLE ONLY public.pizza_store_user_rolegroup_links
    ADD CONSTRAINT pizza_store_user_rolegroup_links_pkey PRIMARY KEY (role_group_id, user_id);


--
-- TOC entry 2986 (class 2606 OID 49808)
-- Name: pizza_topping_links pizza_topping_links_pkey; Type: CONSTRAINT; Schema: public; Owner: postgres
--

ALTER TABLE ONLY public.pizza_topping_links
    ADD CONSTRAINT pizza_topping_links_pkey PRIMARY KEY (pizza_id, topping_id);


--
-- TOC entry 2988 (class 2606 OID 49813)
-- Name: raw_material_beverage_rescipes_links raw_material_beverage_rescipes_links_pkey; Type: CONSTRAINT; Schema: public; Owner: postgres
--

ALTER TABLE ONLY public.raw_material_beverage_rescipes_links
    ADD CONSTRAINT raw_material_beverage_rescipes_links_pkey PRIMARY KEY (beverage_id, recipes_id);


--
-- TOC entry 2990 (class 2606 OID 49818)
-- Name: raw_material_pizza_rescipes_links raw_material_pizza_rescipes_links_pkey; Type: CONSTRAINT; Schema: public; Owner: postgres
--

ALTER TABLE ONLY public.raw_material_pizza_rescipes_links
    ADD CONSTRAINT raw_material_pizza_rescipes_links_pkey PRIMARY KEY (pizza_id, recipes_id);


--
-- TOC entry 2968 (class 2606 OID 49822)
-- Name: pizza_store_beverage uk_1l7764cmjl8sxcdhca3532hon; Type: CONSTRAINT; Schema: public; Owner: postgres
--

ALTER TABLE ONLY public.pizza_store_beverage
    ADD CONSTRAINT uk_1l7764cmjl8sxcdhca3532hon UNIQUE (name);


--
-- TOC entry 2960 (class 2606 OID 41795)
-- Name: pizza_store_user uk_4pviourt8kh1gb89tsrgt7g50; Type: CONSTRAINT; Schema: public; Owner: postgres
--

ALTER TABLE ONLY public.pizza_store_user
    ADD CONSTRAINT uk_4pviourt8kh1gb89tsrgt7g50 UNIQUE (username);


--
-- TOC entry 2978 (class 2606 OID 49824)
-- Name: pizza_store_pizza uk_b7pi6j8k6uc5otdnxfl02slko; Type: CONSTRAINT; Schema: public; Owner: postgres
--

ALTER TABLE ONLY public.pizza_store_pizza
    ADD CONSTRAINT uk_b7pi6j8k6uc5otdnxfl02slko UNIQUE (code);


--
-- TOC entry 2980 (class 2606 OID 49826)
-- Name: pizza_store_pizza uk_hkq5cx9umtlam139k1pukd41w; Type: CONSTRAINT; Schema: public; Owner: postgres
--

ALTER TABLE ONLY public.pizza_store_pizza
    ADD CONSTRAINT uk_hkq5cx9umtlam139k1pukd41w UNIQUE (name);


--
-- TOC entry 2948 (class 2606 OID 41791)
-- Name: pizza_store_role uk_jxmbgygq6v9fbpahi09sdt1qp; Type: CONSTRAINT; Schema: public; Owner: postgres
--

ALTER TABLE ONLY public.pizza_store_role
    ADD CONSTRAINT uk_jxmbgygq6v9fbpahi09sdt1qp UNIQUE (rolename);


--
-- TOC entry 2994 (class 2606 OID 66124)
-- Name: pizza_store_raw_material uk_m5gvwcql69xmpd5ryepd68b6u; Type: CONSTRAINT; Schema: public; Owner: postgres
--

ALTER TABLE ONLY public.pizza_store_raw_material
    ADD CONSTRAINT uk_m5gvwcql69xmpd5ryepd68b6u UNIQUE (name);


--
-- TOC entry 2952 (class 2606 OID 41793)
-- Name: pizza_store_role_group uk_pm9q39cwalskpvsod56dhhfkk; Type: CONSTRAINT; Schema: public; Owner: postgres
--

ALTER TABLE ONLY public.pizza_store_role_group
    ADD CONSTRAINT uk_pm9q39cwalskpvsod56dhhfkk UNIQUE (role_group_name);


--
-- TOC entry 2970 (class 2606 OID 49820)
-- Name: pizza_store_beverage uk_qmno231sfc383fwsv642nxbbk; Type: CONSTRAINT; Schema: public; Owner: postgres
--

ALTER TABLE ONLY public.pizza_store_beverage
    ADD CONSTRAINT uk_qmno231sfc383fwsv642nxbbk UNIQUE (code);


--
-- TOC entry 3001 (class 2606 OID 49832)
-- Name: pizza_sauce_links fk3d9t3ow926cf8s3dsq5dhruix; Type: FK CONSTRAINT; Schema: public; Owner: postgres
--

ALTER TABLE ONLY public.pizza_sauce_links
    ADD CONSTRAINT fk3d9t3ow926cf8s3dsq5dhruix FOREIGN KEY (pizza_id) REFERENCES public.pizza_store_pizza(id);


--
-- TOC entry 3002 (class 2606 OID 49837)
-- Name: pizza_store_order_detail fk7gga2ruugxu1gp7hkew7v4xi2; Type: FK CONSTRAINT; Schema: public; Owner: postgres
--

ALTER TABLE ONLY public.pizza_store_order_detail
    ADD CONSTRAINT fk7gga2ruugxu1gp7hkew7v4xi2 FOREIGN KEY (beverage_id) REFERENCES public.pizza_store_beverage(id);


--
-- TOC entry 3005 (class 2606 OID 49857)
-- Name: pizza_topping_links fk87u70088ugfmxqakdal01m0hl; Type: FK CONSTRAINT; Schema: public; Owner: postgres
--

ALTER TABLE ONLY public.pizza_topping_links
    ADD CONSTRAINT fk87u70088ugfmxqakdal01m0hl FOREIGN KEY (topping_id) REFERENCES public.pizza_store_pizza_topping(id);


--
-- TOC entry 3006 (class 2606 OID 49862)
-- Name: pizza_topping_links fk9xw1bbtlbjl30wkyyakfslbmf; Type: FK CONSTRAINT; Schema: public; Owner: postgres
--

ALTER TABLE ONLY public.pizza_topping_links
    ADD CONSTRAINT fk9xw1bbtlbjl30wkyyakfslbmf FOREIGN KEY (pizza_id) REFERENCES public.pizza_store_pizza(id);


--
-- TOC entry 3008 (class 2606 OID 66130)
-- Name: raw_material_beverage_rescipes_links fkbsvalm13b5jibcqoqdd8ivfxg; Type: FK CONSTRAINT; Schema: public; Owner: postgres
--

ALTER TABLE ONLY public.raw_material_beverage_rescipes_links
    ADD CONSTRAINT fkbsvalm13b5jibcqoqdd8ivfxg FOREIGN KEY (recipes_id) REFERENCES public.pizza_store_raw_material(id);


--
-- TOC entry 3009 (class 2606 OID 49882)
-- Name: raw_material_pizza_rescipes_links fkd31v4si1unlc9uk7fsrghnq9p; Type: FK CONSTRAINT; Schema: public; Owner: postgres
--

ALTER TABLE ONLY public.raw_material_pizza_rescipes_links
    ADD CONSTRAINT fkd31v4si1unlc9uk7fsrghnq9p FOREIGN KEY (pizza_id) REFERENCES public.pizza_store_pizza(id);


--
-- TOC entry 3003 (class 2606 OID 49842)
-- Name: pizza_store_order_detail fkd73118do330s6vsx2wap5vl3l; Type: FK CONSTRAINT; Schema: public; Owner: postgres
--

ALTER TABLE ONLY public.pizza_store_order_detail
    ADD CONSTRAINT fkd73118do330s6vsx2wap5vl3l FOREIGN KEY (order_id) REFERENCES public.pizza_store_order(id);


--
-- TOC entry 2997 (class 2606 OID 41811)
-- Name: pizza_store_user fkgbu79efm98fgnr7fpph45poc3; Type: FK CONSTRAINT; Schema: public; Owner: postgres
--

ALTER TABLE ONLY public.pizza_store_user
    ADD CONSTRAINT fkgbu79efm98fgnr7fpph45poc3 FOREIGN KEY (role_id) REFERENCES public.pizza_store_role(id);


--
-- TOC entry 2996 (class 2606 OID 41806)
-- Name: pizza_store_rolegroup_role_links fkhj99ra7bbcrdw5ikdas8chnta; Type: FK CONSTRAINT; Schema: public; Owner: postgres
--

ALTER TABLE ONLY public.pizza_store_rolegroup_role_links
    ADD CONSTRAINT fkhj99ra7bbcrdw5ikdas8chnta FOREIGN KEY (group_id) REFERENCES public.pizza_store_role_group(id);


--
-- TOC entry 2999 (class 2606 OID 41821)
-- Name: pizza_store_user_rolegroup_links fkjc1a0grok6ltlshphk1k4g4p7; Type: FK CONSTRAINT; Schema: public; Owner: postgres
--

ALTER TABLE ONLY public.pizza_store_user_rolegroup_links
    ADD CONSTRAINT fkjc1a0grok6ltlshphk1k4g4p7 FOREIGN KEY (role_group_id) REFERENCES public.pizza_store_role_group(id);


--
-- TOC entry 2995 (class 2606 OID 41801)
-- Name: pizza_store_rolegroup_role_links fknvyr5fjkgndcykuy3d19hbblt; Type: FK CONSTRAINT; Schema: public; Owner: postgres
--

ALTER TABLE ONLY public.pizza_store_rolegroup_role_links
    ADD CONSTRAINT fknvyr5fjkgndcykuy3d19hbblt FOREIGN KEY (role_id) REFERENCES public.pizza_store_role(id);


--
-- TOC entry 2998 (class 2606 OID 41816)
-- Name: pizza_store_user_rolegroup_links fko4je5wuyix723rcpci2fvqbsi; Type: FK CONSTRAINT; Schema: public; Owner: postgres
--

ALTER TABLE ONLY public.pizza_store_user_rolegroup_links
    ADD CONSTRAINT fko4je5wuyix723rcpci2fvqbsi FOREIGN KEY (user_id) REFERENCES public.pizza_store_user(id);


--
-- TOC entry 3011 (class 2606 OID 66125)
-- Name: pizza_store_raw_material fkob3tfjux42f75sxa15l902dr1; Type: FK CONSTRAINT; Schema: public; Owner: postgres
--

ALTER TABLE ONLY public.pizza_store_raw_material
    ADD CONSTRAINT fkob3tfjux42f75sxa15l902dr1 FOREIGN KEY (supplier_id) REFERENCES public.pizza_store_supplier(id);


--
-- TOC entry 3007 (class 2606 OID 49872)
-- Name: raw_material_beverage_rescipes_links fkqo6fob6p71iefijn8r2bcnn6y; Type: FK CONSTRAINT; Schema: public; Owner: postgres
--

ALTER TABLE ONLY public.raw_material_beverage_rescipes_links
    ADD CONSTRAINT fkqo6fob6p71iefijn8r2bcnn6y FOREIGN KEY (beverage_id) REFERENCES public.pizza_store_beverage(id);


--
-- TOC entry 3010 (class 2606 OID 66135)
-- Name: raw_material_pizza_rescipes_links fks80uak44sl20yr9maebf6uubt; Type: FK CONSTRAINT; Schema: public; Owner: postgres
--

ALTER TABLE ONLY public.raw_material_pizza_rescipes_links
    ADD CONSTRAINT fks80uak44sl20yr9maebf6uubt FOREIGN KEY (recipes_id) REFERENCES public.pizza_store_raw_material(id);


--
-- TOC entry 3004 (class 2606 OID 49847)
-- Name: pizza_store_order_detail fktbf2pc1diviqtwc7o3eh6vcvy; Type: FK CONSTRAINT; Schema: public; Owner: postgres
--

ALTER TABLE ONLY public.pizza_store_order_detail
    ADD CONSTRAINT fktbf2pc1diviqtwc7o3eh6vcvy FOREIGN KEY (pizza_id) REFERENCES public.pizza_store_pizza(id);


--
-- TOC entry 3000 (class 2606 OID 49827)
-- Name: pizza_sauce_links fktq6nmsmnjjr2m9irfgi2bak41; Type: FK CONSTRAINT; Schema: public; Owner: postgres
--

ALTER TABLE ONLY public.pizza_sauce_links
    ADD CONSTRAINT fktq6nmsmnjjr2m9irfgi2bak41 FOREIGN KEY (sauce_id) REFERENCES public.pizza_store_pizza_sauce(id);


-- Completed on 2021-09-04 20:32:24

--
-- PostgreSQL database dump complete
--

